nume,prenume
LO,Jordan
KUMAR,Paris
TOLEDO,Shane
LORENZ,Lane
VALLEJO,Louis
STARKEY,Angelo
KITCHEN,Olive
REAVES,Ayla
DEMARCO,Remington
FARRAR,Troy
STEARNS,Emerson
MICHAUD,Maximiliano
HIGGINBOTHAM,Hector
FERNANDES,Rosalie
ISAACS,Emilio
MARION,Kali
GUILLORY,Anderson
PRIEST,Trevor
MEEHAN,Maci
OLIVEIRA,Gemma
PALMA,Lilliana
OSWALD,Raegan
GALVEZ,Lena
LOOMIS,Adelaide
LIND,Phoenix
MENA,Walter
STCLAIR,Journey
HINDS,Johnathan
REARDON,Johnny
ALLEY,Adelynn
BARTH,Edwin
CROOK,Julius
BLISS,Alessandra
NAGEL,Kenzie
BANUELOS,Barrett
PARISH,Miranda
HARMAN,Leon
DOUGLASS,Haley
KEARNS,June
NEWCOMB,Harley
MULLIGAN,Charlee
COUGHLIN,Tyson
WAY,Lucille
FOURNIER,Talia
LAWLER,Skyler
,
,
,
,
,
,
,
,
,
,
,
,
,
,
,
,
,
,
,
,
,
,
,
,
,
,
,
,
,
,
,
,
,
,
,
,
,
,
,
,
,
,
,
,
,
,
,
,
,
,
,
,
,
,
,
,
,
,
,
,
,
,
,
,
,
,
,
,
,
,
,
,
,
,
,
,
,
,
,
,
,
,
,
,
,
,
,
,
,
,
,
,
,
,
,
,
,
,
,
,
,
,
,
,
,
,
,
,
,
,
,
,
,
,
,
,
,
,
,
,
,
,
,
,
,
,
,
,
,
,
,
,
,
,
,
,
,
,
,
,
,
,
,
,
,
,
,
,
,
,
,
,
,
,
,
